Mese,gtrends_inflation,gtrends_deflation,gtrends_index(1-0),aspettative_istat,inflation,std_gtrends_inflation,std_gtrend_index(1-0),MA(4)_inflation,ma(4)_std_gtrends_index(1-0),delta_gtrends_index,std_delta_gtrends_index,ma(4)_std_delta_gtrends_index,ma(4)_aspettative,infl,ma(4)_std_delta_gtrends_index
gen-04,100,0,100,-1.186810131,0.00000000000000,5.982037939,5.982037939,,,#VALORE!,#VALORE!,,,,
feb-04,50,8,50,-1.463869818,0.24330900243308,1.988917756,1.988917756,,,-50,-4.236982671,,,,
mar-04,62,0,62,-1.441212065,0.32362459546930,2.9472666,2.9472666,,,12,1.053502275,,,,
apr-04,48,0,48,-1.631537824,0.24193548387097,1.829192949,1.829192949,,,-14,-1.165088186,,,,
mag-04,100,0,100,-1.612173839,0.24135156878518,5.982037939,5.982037939,0.26255516263963,3.186853811,52,4.466718369,0.029537447,-1.537198387,0.08001608954897,0.029537447
giu-04,42,0,42,-1.313578024,0.16051364365967,1.350018527,1.350018527,0.24185632294628,3.027129003,-58,-4.919625889,-0.141123358,-1.499625438,0.07982439589076,-0.141123358
lug-04,58,7,58,-1.244068886,0.08012820512825,2.627816985,2.627816985,0.18098222536102,2.9472666,16,1.394823885,-0.055792955,-1.450339643,0.079824396,-0.055792955
ago-04,17,0,17,-0.717222825,0.24019215372298,-0.646541564,-0.646541564,0.18054639282402,2.328332972,-41,-3.469009049,-0.631773171,-1.221760893,0.15944223,-0.631773171
set-04,47,0,47,-0.866919793,0.00000000000000,1.749330545,1.749330545,0.12020850062773,1.270156123,30,2.589449517,-1.101090384,-1.035447382,0.218839259,-1.101090384
ott-04,48,6,48,-1.463245118,0.00000000000000,1.829192949,1.829192949,0.08008008971281,1.389949729,1,0.114867849,0.15753305,-1.072864156,0.198539876,0.15753305
nov-04,42,0,42,-1.401226179,0.07987220447288,1.350018527,1.350018527,0.08001608954897,1.070500114,-6,-0.482444967,-0.311784162,-1.112153479,0.277528817,-0.311784162
dic-04,40,0,40,-1.712122069,0.23942537909017,1.19029372,1.19029372,0.07982439589076,1.529708935,-2,-0.141123358,0.52018726,-1.36087829,0.197910983,0.52018726
gen-05,50,0,50,-1.046594123,0.00000000000000,1.988917756,1.988917756,0.07982439589076,1.589605738,10,0.88284147,0.093535249,-1.405796872,0.2169711,0.093535249
feb-05,35,0,35,-1.393708059,0.31847133757954,0.790981701,0.790981701,0.15944223028565,1.330052926,-15,-1.250418588,-0.247786361,-1.388412608,0.216629825,-0.247786361
mar-05,18,0,18,-1.156231795,0.31746031746036,-0.566679161,-0.566679161,0.21883925853252,0.850878504,-17,-1.421079393,-0.482444967,-1.327164011,0.137640883,-0.482444967
apr-05,49,0,49,-0.671602166,0.15822784810121,1.909055352,1.909055352,0.19853987578528,1.030568912,31,2.67477992,0.221530852,-1.067034036,0.196372285,0.221530852
mag-05,45,0,45,-0.565028019,0.31595576619278,1.589605738,1.589605738,0.27752881733347,0.930740908,-4,-0.311784162,-0.077125556,-0.94664251,0.117478338,-0.077125556
giu-05,17,0,17,-1.354025549,0.00000000000000,-0.646541564,-0.646541564,0.19791098293859,0.571360091,-28,-2.359713819,-0.354449364,-0.936721882,0.078262652,-0.354449364
lug-05,22,0,22,-0.808502024,0.39370078740166,-0.247229546,-0.247229546,0.21697110042391,0.651222495,5,0.456189459,0.114867849,-0.849789439,0.136810661,0.114867849
ago-05,32,5,32,-0.985501946,0.15686274509799,0.55139449,0.55139449,0.21662982467311,0.311807279,10,0.88284147,-0.333116763,-0.928264384,0.136490474,-0.333116763
set-05,25,0,25,-0.128260275,0.00000000000000,-0.007642335,-0.007642335,0.13764088312491,-0.087504739,-7,-0.567775369,-0.397114565,-0.819072449,0.175234283,-0.397114565
ott-05,35,0,35,0.069127369,0.23492560689115,0.790981701,0.790981701,0.19637228484770,0.271876078,10,0.88284147,0.413524258,-0.463284219,0.252753662,0.413524258
nov-05,41,3,41,-0.724439382,0.07812499999992,1.270156123,1.270156123,0.11747833799727,0.651222495,6,0.541519861,0.434856858,-0.442268559,0.271485406,0.434856858
dic-05,21,0,21,-1.052380242,0.00000000000000,-0.32709195,-0.32709195,0.07826265172277,0.431600885,-20,-1.6770706,-0.205121159,-0.458988133,0.232334591,-0.205121159
gen-06,59,0,59,-0.285112307,0.23419203747073,2.707679389,2.707679389,0.13681066109045,1.110431316,38,3.272092736,0.754845867,-0.49820114,0.251041827,0.754845867
feb-06,30,3,30,-1.027817055,0.23364485981319,0.391669683,0.391669683,0.13649047432096,1.010603311,-29,-2.445044221,-0.077125556,-0.772437246,0.211895433,-0.077125556
mar-06,49,3,49,-0.979557253,0.23310023310012,1.909055352,1.909055352,0.17523428259601,1.170328119,19,1.650815092,0.200198252,-0.836216714,0.115458592,0.200198252
apr-06,17,0,17,-0.975016849,0.31007751937989,-0.646541564,-0.646541564,0.25275366244098,1.090465715,-32,-2.701035428,-0.055792955,-0.816875866,0.077026412,-0.055792955
mag-06,30,2,30,-0.921329816,0.30911901081919,0.391669683,0.391669683,0.27148540577810,0.511463288,13,1.138832678,-0.58910797,-0.975930243,0.019230611,-0.58910797
giu-06,21,0,21,-0.444810237,0.07704160246537,-0.32709195,-0.32709195,0.23233459144114,0.33177288,-9,-0.738436174,-0.162455958,-0.830178539,2.94046E-05,-0.162455958
lug-06,17,3,17,-0.299298219,0.30792917628938,-0.646541564,-0.646541564,0.25104182723846,-0.307126349,-4,-0.311784162,-0.653105772,-0.66011378,0.038343581,-0.653105772
ago-06,35,3,35,0.208065104,0.15349194167301,0.790981701,0.790981701,0.21189543281174,0.052254467,18,1.565484689,0.413524258,-0.364343292,0.134085038,0.413524258
set-06,26,0,26,-0.473689157,-0.07662835249033,0.072220068,0.072220068,0.11545859198436,-0.027607936,-9,-0.738436174,-0.055792955,-0.252433127,0.153066485,-0.055792955
ott-06,26,0,26,-0.061951523,-0.07668711656446,0.072220068,0.072220068,0.07702641222690,0.072220068,0,0.029537447,0.13620045,-0.156718449,0.172004462,0.13620045
nov-06,17,0,17,0.233686428,0.07674597083657,-0.646541564,-0.646541564,0.01923061086370,0.072220068,-9,-0.738436174,0.029537447,-0.023472287,0.228950874,0.029537447
dic-06,24,2,24,-0.640966462,0.07668711656433,-0.087504739,-0.087504739,0.00002940458653,-0.147401542,7,0.626850263,-0.205121159,-0.235730179,0.209285596,-0.205121159
gen-07,47,2,47,-0.349066876,0.07662835249046,1.749330545,1.749330545,0.03834358083173,0.271876078,23,1.992136701,0.477522059,-0.204574608,0.227892828,0.477522059
feb-07,37,0,37,-0.643954038,0.30627871362945,0.950706509,0.950706509,0.13408503838020,0.491497688,-10,-0.823766577,0.264196053,-0.350075237,0.227547422,0.264196053
mar-07,33,3,33,-0.334129849,0.15267175572516,0.631256894,0.631256894,0.15306648460235,0.810947302,-4,-0.311784162,0.370859056,-0.492029306,0.151443921,0.370859056
apr-07,25,2,25,-0.426318139,0.15243902439032,-0.007642335,-0.007642335,0.17200446155885,0.830912903,-8,-0.653105772,0.050870048,-0.438367226,0.169954302,0.050870048
mag-07,35,3,35,0.256199776,0.30441400304405,0.790981701,0.790981701,0.22895087419724,0.591325692,10,0.88284147,-0.22645376,-0.287050563,0.207164094,-0.22645376
giu-07,39,0,39,0.52889177,0.22761760242792,1.110431316,1.110431316,0.20928559639686,0.631256894,4,0.370859056,0.072202648,0.00616089,0.244306111,0.072202648
lug-07,19,0,19,0.511872434,0.22710068130216,-0.486816757,-0.486816757,0.22789282779112,0.351738481,-20,-1.6770706,-0.269118961,0.21766146,0.356330009,-0.269118961
ago-07,13,0,13,1.154929708,0.15105740181264,-0.965991179,-0.965991179,0.22754742214669,0.11215127,-6,-0.482444967,-0.22645376,0.612973422,0.33667731,-0.22645376
set-07,26,3,26,2.247051887,0.00000000000000,0.072220068,0.072220068,0.15144392138568,-0.067539138,13,1.138832678,-0.162455958,1.11068645,0.372514306,-0.162455958
ott-07,23,0,23,1.586654614,0.30165912518858,-0.167367143,-0.167367143,0.16995430207584,-0.386988753,-3,-0.22645376,-0.311784162,1.37512716,0.352958492,-0.311784162
nov-07,29,2,29,1.497569066,0.37593984962403,0.311807279,0.311807279,0.20716409415631,-0.187332743,6,0.541519861,0.242863453,1.621551319,0.369800573,0.242863453
dic-07,37,0,37,1.823547832,0.29962546816482,0.950706509,0.950706509,0.24430611074436,0.291841678,8,0.712180666,0.541519861,1.78870585,0.423928601,0.541519861
gen-08,42,6,42,1.324971933,0.44809559372667,1.350018527,1.350018527,0.35633000917602,0.611291293,5,0.456189459,0.370859056,1.558185861,0.421750698,0.370859056
feb-08,41,6,41,1.03731029,0.22304832713753,1.270156123,1.270156123,0.33667730966326,0.970672109,-1,-0.055792955,0.413524258,1.42084978,0.402684615,0.413524258
mar-08,25,1,25,1.333542969,0.51928783382781,-0.007642335,-0.007642335,0.37251430571421,0.890809706,-16,-1.335748991,-0.055792955,1.379843256,0.201354867,-0.055792955
apr-08,45,2,45,1.001106043,0.22140221402214,1.589605738,1.589605738,0.35295849217854,1.050534513,20,1.736145494,0.200198252,1.174232809,0.091464758,0.200198252
mag-08,27,2,27,0.623890761,0.51546391752580,0.152082472,0.152082472,0.36980057312832,0.751050499,-18,-1.506409795,-0.290451562,0.998962516,-0.127022321,-0.290451562
giu-08,36,1,36,0.567758739,0.43956043956045,0.870844105,0.870844105,0.42392860123405,0.651222495,9,0.797511068,-0.077125556,0.881574628,-0.199776521,-0.077125556
lug-08,44,0,44,1.36362346,0.51057622173599,1.509743334,1.509743334,0.42175069821109,1.030568912,8,0.712180666,0.434856858,0.889094751,-0.163835763,0.434856858
ago-08,22,0,22,1.165194214,0.14513788098690,-0.247229546,-0.247229546,0.40268461495228,0.571360091,-22,-1.847731405,-0.461112367,0.930116794,-0.108971096,-0.461112367
set-08,39,1,39,0.702118822,-0.28985507246381,1.110431316,1.110431316,0.20135486745488,0.810947302,17,1.480154287,0.285528654,0.949673809,0.000120103,0.285528654
ott-08,37,3,37,0.430624095,0.00000000000000,0.950706509,0.950706509,0.09146475756477,0.830912903,-2,-0.141123358,0.050870048,0.915390148,0.091294428,0.050870048
nov-08,27,46,27,-0.008365947,-0.36337209302321,0.152082472,0.152082472,-0.12702232112503,0.491497688,-10,-0.823766577,-0.333116763,0.572392796,0.18240259,-0.333116763
dic-08,31,16,31,-0.5695938,-0.14587892049595,0.471532087,0.471532087,-0.19977652149574,0.671188096,4,0.370859056,0.221530852,0.138695793,0.145693334,0.221530852
gen-09,42,5,42,-1.093092849,-0.14609203798401,1.350018527,1.350018527,-0.16383576287579,0.731084899,11,0.968171873,0.093535249,-0.310107125,0.127445158,0.093535249
feb-09,29,7,29,-1.437427799,0.21945866861741,0.311807279,0.311807279,-0.10897109572144,0.571360091,-13,-1.079757784,-0.141123358,-0.777120099,0.145309504,-0.141123358
mar-09,25,5,25,-1.374343215,0.07299270072996,-0.007642335,-0.007642335,0.00012010271685,0.531428889,-4,-0.311784162,-0.013127754,-1.118614416,0.036455176,-0.013127754
apr-09,19,5,19,-1.270342561,0.21881838074399,-0.486816757,-0.486816757,0.09129442802684,0.291841678,-6,-0.482444967,-0.22645376,-1.293801606,0.036428844,-0.22645376
mag-09,30,4,30,-1.375299307,0.21834061135370,0.391669683,0.391669683,0.18240259036127,0.052254467,11,0.968171873,-0.22645376,-1.36435322,0.036428844,-0.22645376
giu-09,30,6,30,-1.482959168,0.07262164124913,0.391669683,0.391669683,0.14569333351920,0.072220068,0,0.029537447,0.050870048,-1.375736063,0.01820773,0.050870048
lug-09,28,4,28,-2.426012471,0.00000000000000,0.231944876,0.231944876,0.12744515833670,0.132116871,-2,-0.141123358,0.093535249,-1.638653377,0.108630195,0.093535249
ago-09,17,4,17,-1.982722652,0.29027576197381,-0.646541564,-0.646541564,0.14530950364416,0.092185669,-11,-0.909096979,-0.013127754,-1.8167484,0.108551658,-0.013127754
set-09,18,2,18,-1.839858177,-0.21707670043416,-0.566679161,-0.566679161,0.03645517569719,-0.147401542,1,0.114867849,-0.22645376,-1.932888117,0.18070173,-0.22645376
ott-09,31,2,31,-1.740745456,0.07251631617118,0.471532087,0.471532087,0.03642884442771,-0.127435941,13,1.138832678,0.050870048,-1.997334689,0.216281961,0.050870048
nov-09,31,4,31,-1.538546,0.00000000000000,0.471532087,0.471532087,0.03642884442771,-0.067539138,0,0.029537447,0.093535249,-1.775468071,0.198049818,0.093535249
dic-09,25,1,25,-1.495111576,0.21739130434783,-0.007642335,-0.007642335,0.01820773002121,0.092185669,-6,-0.482444967,0.200198252,-1.653565303,0.179999277,0.200198252
gen-10,40,4,40,-1.183503656,0.14461315979749,1.19029372,1.19029372,0.10863019507912,0.531428889,15,1.309493482,0.49885466,-1.489476672,0.197390752,0.49885466
feb-10,24,1,24,-0.696402104,0.07220216606502,-0.087504739,-0.087504739,0.10855165755259,0.391669683,-16,-1.335748991,-0.119790757,-1.228390834,0.160995885,-0.119790757
mar-10,24,5,24,-0.538152516,0.28860028860033,-0.087504739,-0.087504739,0.18070172970267,0.251910477,0,0.029537447,-0.119790757,-0.978292463,0.089655934,-0.119790757
apr-10,20,1,20,-0.57201659,0.35971223021578,-0.406954354,-0.406954354,0.21628196116966,0.152082472,-4,-0.311784162,-0.077125556,-0.747518717,0.143189125,-0.077125556
mag-10,24,3,24,0.038871463,0.07168458781366,-0.087504739,-0.087504739,0.19804981817370,-0.167367143,4,0.370859056,-0.311784162,-0.441924937,0.053647578,-0.311784162
giu-10,15,5,15,-0.448034298,0.00000000000000,-0.806266372,-0.806266372,0.17999927665744,-0.347057551,-9,-0.738436174,-0.162455958,-0.379832985,0.089145726,-0.162455958
lug-10,16,2,16,-0.031663808,0.35816618911172,-0.726403968,-0.726403968,0.19739075178529,-0.506782358,1,0.114867849,-0.141123358,-0.253210808,0.245048561,-0.141123358
ago-10,16,8,16,-0.397128649,0.21413276231264,-0.726403968,-0.726403968,0.16099588480950,-0.586644762,0,0.029537447,-0.055792955,-0.209488823,0.265626042,-0.055792955
set-10,21,4,21,-0.429671977,-0.21367521367522,-0.32709195,-0.32709195,0.08965593443728,-0.646541564,5,0.456189459,-0.034460355,-0.326624683,0.36414821,-0.034460355
ott-10,17,3,17,-0.360072621,0.21413276231264,-0.646541564,-0.646541564,0.14318912501544,-0.606610363,-4,-0.311784162,0.072202648,-0.304634264,0.397786154,0.072202648
nov-10,20,2,20,-0.753974737,0.00000000000000,-0.406954354,-0.406954354,0.05364757773751,-0.526747959,3,0.285528654,0.114867849,-0.485211996,0.319716186,0.114867849
dic-10,16,3,16,-0.626420507,0.35612535612531,-0.726403968,-0.726403968,0.08914572619068,-0.526747959,-4,-0.311784162,0.029537447,-0.542534961,0.269995758,0.029537447
gen-11,28,2,28,0.603067503,0.40993612491128,0.231944876,0.231944876,0.24504856083731,-0.386988753,12,1.053502275,0.178865651,-0.284350091,0.244573005,0.178865651
feb-11,25,3,25,0.36850847,0.29644268774707,-0.007642335,-0.007642335,0.26562604219592,-0.227263945,-3,-0.22645376,0.200198252,-0.102204818,0.194790019,0.200198252
mar-11,28,3,28,1.525070147,0.39408866995073,0.231944876,0.231944876,0.36414820968360,-0.067539138,3,0.285528654,0.200198252,0.467556403,0.170375956,0.200198252
apr-11,27,3,27,1.368689449,0.49067713444557,0.152082472,0.152082472,0.39778615426366,0.152082472,-1,-0.055792955,0.264196053,0.966333892,0.29133455,0.264196053
mag-11,23,2,23,0.346726732,0.09765624999995,-0.167367143,-0.167367143,0.31971618553583,0.052254467,-4,-0.311784162,-0.077125556,0.902248699,0.194150356,-0.077125556
giu-11,20,3,20,0.145469529,0.09756097560981,-0.406954354,-0.406954354,0.26999575750151,-0.047573537,-3,-0.22645376,-0.077125556,0.846488964,0.217696074,-0.077125556
lug-11,20,2,20,0.888535698,0.29239766081875,-0.406954354,-0.406954354,0.24457300521852,-0.207298344,0,0.029537447,-0.141123358,0.687355352,0.289742184,-0.141123358
ago-11,18,2,18,0.986119163,0.29154518950431,-0.566679161,-0.566679161,0.19479001898320,-0.386988753,-2,-0.141123358,-0.162455958,0.59171278,0.240178787,-0.162455958
set-11,20,2,20,1.52932577,0.00000000000000,-0.406954354,-0.406954354,0.17037595648322,-0.446885555,2,0.200198252,-0.034460355,0.88736254,0.383538375,-0.034460355
ott-11,19,1,19,1.871489491,0.58139534883718,-0.486816757,-0.486816757,0.29133454979006,-0.466851156,-1,-0.055792955,0.008204846,1.318867531,0.405814811,0.008204846
nov-11,37,2,37,0.779768383,-0.09633911368009,0.950706509,0.950706509,0.19415035616535,-0.127435941,18,1.565484689,0.392191657,1.291675702,0.333768702,0.392191657
dic-11,29,5,29,3.403899117,0.38572806171648,0.311807279,0.311807279,0.21769607421839,0.092185669,-8,-0.653105772,0.264196053,1.89612069,0.28524224,0.264196053
gen-12,33,4,33,3.422054875,0.28818443804028,0.631256894,0.631256894,0.28974218372846,0.351738481,4,0.370859056,0.306861255,2.369302967,0.189552337,0.306861255
feb-12,18,4,18,2.465869057,0.38314176245220,-0.566679161,-0.566679161,0.24017878713222,0.33177288,-15,-1.250418588,0.008204846,2.517897858,0.165094592,0.008204846
mar-12,31,2,31,2.362400168,0.47709923664116,0.471532087,0.471532087,0.38353837471253,0.211979275,13,1.138832678,-0.098458157,2.913555804,0.165094592,-0.098458157
apr-12,22,2,22,3.326621695,0.47483380816716,-0.247229546,-0.247229546,0.40581481132520,0.072220068,-9,-0.738436174,-0.119790757,2.894236449,0.117835613,-0.119790757
mag-12,26,3,26,3.153066947,0.00000000000000,0.072220068,0.072220068,0.33376870181513,-0.067539138,4,0.370859056,-0.119790757,2.826989467,0.04730235,-0.119790757
giu-12,24,4,24,2.732592088,0.18903591682420,-0.087504739,-0.087504739,0.28524224040813,0.052254467,-2,-0.141123358,0.15753305,2.893670224,8.83318E-05,0.15753305
lug-12,16,5,16,1.905258213,0.09433962264146,-0.726403968,-0.726403968,0.18955233690821,-0.247229546,-8,-0.653105772,-0.290451562,2.779384736,0.047036689,-0.290451562
ago-12,18,3,18,1.620935833,0.37700282752129,-0.566679161,-0.566679161,0.16509459174674,-0.32709195,2,0.200198252,-0.055792955,2.35296327,0.070466867,-0.055792955
set-12,20,3,20,2.645805544,0.00000000000000,-0.406954354,-0.406954354,0.16509459174674,-0.446885555,2,0.200198252,-0.098458157,2.22614792,0.164231703,-0.098458157
ott-12,24,3,24,2.866904242,0.00000000000000,-0.087504739,-0.087504739,0.11783561254069,-0.446885555,4,0.370859056,0.029537447,2.259725958,0.117195014,0.029537447
nov-12,20,3,20,2.864561709,-0.18779342723005,-0.406954354,-0.406954354,0.04730235007281,-0.367023152,-4,-0.311784162,0.114867849,2.499551832,0.070246657,0.114867849
dic-12,23,4,23,1.97281709,0.18814675446849,-0.167367143,-0.167367143,0.00008833180961,-0.267195147,3,0.285528654,0.13620045,2.587522146,0.116909937,0.13620045
gen-13,32,3,32,2.440444599,0.18779342723003,0.55139449,0.55139449,0.04703668861712,-0.027607936,9,0.797511068,0.285528654,2.53618191,0.093392619,0.285528654
feb-13,19,2,19,0.868373044,0.09372071227746,-0.486816757,-0.486816757,0.07046686668648,-0.127435941,-13,-1.079757784,-0.077125556,2.036549111,0.186502489,-0.077125556
mar-13,20,1,20,0.955475679,0.18726591760288,-0.406954354,-0.406954354,0.16423170289472,-0.127435941,1,0.114867849,0.029537447,1.559277603,0.116929205,0.029537447
apr-13,25,7,25,0.480718756,0.00000000000000,-0.007642335,-0.007642335,0.11719501427760,-0.087504739,5,0.456189459,0.072202648,1.18625302,0.000324119,0.072202648
mag-13,23,5,23,0.894801896,0.00000000000000,-0.167367143,-0.167367143,0.07024665747009,-0.267195147,-2,-0.141123358,-0.162455958,0.799842344,-0.092872526,-0.162455958
giu-13,21,3,21,0.895318323,0.28037383177575,-0.32709195,-0.32709195,0.11690993734466,-0.227263945,-2,-0.141123358,0.072202648,0.806578664,-0.139253423,0.072202648
lug-13,14,2,14,-0.169073656,0.09319664492072,-0.886128775,-0.886128775,0.09339261917412,-0.347057551,-7,-0.567775369,-0.098458157,0.52544133,-0.023038349,-0.098458157
ago-13,12,2,12,0.881662028,0.37243947858492,-1.045853583,-1.045853583,0.18650248882035,-0.606610363,-2,-0.141123358,-0.247786361,0.625677148,0.000195812,-0.247786361
set-13,14,3,14,0.357053932,-0.27829313543613,-0.886128775,-0.886128775,0.11692920496132,-0.786300771,2,0.200198252,-0.162455958,0.491240156,0.093392457,-0.162455958
ott-13,20,2,20,3.300479165,-0.18604651162789,-0.406954354,-0.406954354,0.00032411911040,-0.806266372,6,0.541519861,0.008204846,1.092530367,0.09321842,0.008204846
nov-13,29,16,29,0.146415706,-0.27958993476240,0.311807279,0.311807279,-0.09287252581038,-0.506782358,9,0.797511068,0.349526456,1.171402708,0.023342428,0.349526456
dic-13,19,5,19,0.188388309,0.18691588785057,-0.486816757,-0.486816757,-0.13925342349396,-0.367023152,-10,-0.823766577,0.178865651,0.998084278,0.069875709,0.178865651
gen-14,31,14,31,0.778850302,0.18656716417899,0.471532087,0.471532087,-0.02303834859018,-0.027607936,12,1.053502275,0.392191657,1.103533371,0.023342347,0.392191657
feb-14,25,9,25,-0.431032627,-0.09310986964612,-0.007642335,-0.007642335,0.00019581190526,0.072220068,-6,-0.482444967,0.13620045,0.170655423,0.02329904,0.13620045
mar-14,26,5,26,0.070081239,0.09319664492072,0.072220068,0.072220068,0.09339245682604,0.012323266,1,0.114867849,-0.034460355,0.151571806,-0.04631727,-0.034460355
apr-14,22,14,22,-1.513637188,0.18621973929247,-0.247229546,-0.247229546,0.09321841968651,0.072220068,-4,-0.311784162,0.093535249,-0.273934568,-0.046273922,0.093535249
mag-14,21,4,21,-1.625067181,-0.09293680297403,-0.32709195,-0.32709195,0.02334242789826,-0.127435941,-1,-0.055792955,-0.183788559,-0.874913939,-0.069594656,-0.183788559
giu-14,22,5,22,-1.068691693,0.09302325581400,-0.247229546,-0.247229546,0.06987570926329,-0.187332743,1,0.114867849,-0.034460355,-1.034328706,-0.116106284,-0.034460355
lug-14,16,5,16,-0.835469417,-0.09293680297403,-0.726403968,-0.726403968,0.02334234728960,-0.386988753,-6,-0.482444967,-0.183788559,-1.26071637,-0.116539356,-0.183788559
ago-14,25,77,25,-0.589226564,0.18604651162801,-0.007642335,-0.007642335,0.02329904037349,-0.32709195,9,0.797511068,0.093535249,-1.029613714,-0.046205558,0.093535249
set-14,17,24,17,-1.470381892,-0.37140204271132,-0.646541564,-0.646541564,-0.04631726956083,-0.406954354,-8,-0.653105772,-0.055792955,-0.990942391,0.023670272,-0.055792955
ott-14,17,10,17,-0.749170037,0.09319664492072,-0.646541564,-0.646541564,-0.04627392228416,-0.506782358,0,0.029537447,-0.077125556,-0.911061977,0.070268595,-0.077125556
nov-14,12,6,12,-0.402708461,-0.18621973929225,-1.045853583,-1.045853583,-0.06959465636371,-0.586644762,-5,-0.397114565,-0.055792955,-0.802871738,0.186807991,-0.055792955
dic-14,21,5,21,-0.479339593,0.00000000000000,-0.32709195,-0.32709195,-0.11610628427071,-0.666507165,9,0.797511068,-0.055792955,-0.775399996,0.139643433,-0.055792955
gen-15,25,19,25,-1.468539982,-0.37313432835820,-0.007642335,-0.007642335,-0.11653935568243,-0.506782358,4,0.370859056,0.200198252,-0.774939518,0.093131443,0.200198252
feb-15,19,9,19,-1.754236201,0.37453183520598,-0.486816757,-0.486816757,-0.04620555811112,-0.466851156,-6,-0.482444967,0.072202648,-1.026206059,0.092958376,0.072202648
mar-15,23,6,23,-1.295556994,0.09328358208950,-0.167367143,-0.167367143,0.02367027223432,-0.247229546,4,0.370859056,0.264196053,-1.249418192,-0.022975844,0.264196053
apr-15,12,2,12,-0.356941319,0.18639328984155,-1.045853583,-1.045853583,0.07026859469471,-0.426919954,-11,-0.909096979,-0.162455958,-1.218818624,-0.022932617,-0.162455958
mag-15,25,2,25,-0.501088566,0.09302325581400,-0.007642335,-0.007642335,0.18680799073776,-0.426919954,13,1.138832678,0.029537447,-0.97695577,-0.092592033,0.029537447
giu-15,18,2,18,-0.935746518,0.18587360594804,-0.566679161,-0.566679161,0.13964343342328,-0.446885555,-7,-0.567775369,0.008204846,-0.772333349,-0.139017289,0.008204846
lug-15,16,2,16,-1.080475366,-0.09276437847870,-0.726403968,-0.726403968,0.09313144328122,-0.586644762,-2,-0.141123358,-0.119790757,-0.718562942,-0.099926954,-0.119790757
ago-15,10,3,10,-0.169982633,0.18570102135570,-1.20557839,-1.20557839,0.09295837615976,-0.626575964,-6,-0.482444967,-0.013127754,-0.671823271,-0.196639385,-0.013127754
set-15,16,4,16,-0.631650316,-0.37071362372586,-0.726403968,-0.726403968,-0.02297584372520,-0.806266372,6,0.541519861,-0.162455958,-0.704463709,-0.053487063,-0.162455958
ott-15,15,2,15,-1.055574265,0.18604651162801,-0.806266372,-0.806266372,-0.02293261730521,-0.866163175,-1,-0.055792955,-0.034460355,-0.734420645,-0.078587465,-0.034460355
nov-15,15,3,15,-1.154329555,-0.37140204271132,-0.806266372,-0.806266372,-0.09259203336337,-0.886128775,0,0.029537447,0.008204846,-0.752884192,0.05037749,0.008204846
dic-15,22,4,22,-0.115148371,0.00000000000000,-0.247229546,-0.247229546,-0.13901728870229,-0.646541564,7,0.626850263,0.285528654,-0.739175627,0.125628394,0.285528654
gen-16,24,4,24,-0.352477381,-0.21435228331782,-0.087504739,-0.087504739,-0.09992695360028,-0.486816757,2,0.200198252,0.200198252,-0.669382393,0.125376633,0.200198252
feb-16,21,4,21,-0.906152864,-0.20080321285139,-0.32709195,-0.32709195,-0.19663938472013,-0.367023152,-3,-0.22645376,0.15753305,-0.632027043,0.200427085,0.15753305
mar-16,22,9,22,-1.550063801,0.20120724346075,-0.247229546,-0.247229546,-0.05348706317712,-0.227263945,1,0.114867849,0.178865651,-0.730960604,0.075199752,0.178865651
apr-16,24,8,24,-2.158699476,-0.10040160642570,-0.087504739,-0.087504739,-0.07858746478354,-0.187332743,2,0.200198252,0.072202648,-1.24184838,0.025174626,0.072202648
mag-16,21,8,21,-0.752993751,0.30150753768844,-0.32709195,-0.32709195,0.05037749046803,-0.247229546,-3,-0.22645376,-0.034460355,-1.341977473,-0.049875424,-0.034460355
giu-16,14,4,14,-0.88912687,0.10020040080161,-0.886128775,-0.886128775,0.12562839388128,-0.386988753,-7,-0.567775369,-0.119790757,-1.337720975,0.000274626,-0.119790757
lug-16,10,3,10,-1.928313595,0.20020020020019,-1.20557839,-1.20557839,0.12537663306614,-0.626575964,-4,-0.311784162,-0.22645376,-1.432283423,0.124900748,-0.22645376
ago-16,10,3,10,-1.433730671,0.19980019980020,-1.20557839,-1.20557839,0.20042708462261,-0.906094376,0,0.029537447,-0.269118961,-1.251041222,0.249279352,-0.269118961
set-16,11,3,11,-0.437397455,-0.19940179461615,-1.125715986,-1.125715986,0.07519975154646,-1.105750385,1,0.114867849,-0.183788559,-1.172142148,0.274279352,-0.183788559
ott-16,15,2,15,-1.625958954,-0.09990009990009,-0.806266372,-0.806266372,0.02517462637104,-1.085784785,4,0.370859056,0.050870048,-1.356350169,0.273189152,0.050870048
nov-16,17,4,17,-1.787450729,-0.09999999999999,-0.646541564,-0.646541564,-0.04987542367901,-0.946025578,2,0.200198252,0.178865651,-1.321134452,0.149103815,0.178865651
dic-16,17,3,17,-2.488706055,0.40040040040039,-0.646541564,-0.646541564,0.00027462647104,-0.806266372,0,0.029537447,0.178865651,-1.584878298,0.024996679,0.178865651
gen-17,20,27,20,-0.715632958,0.29910269192422,-0.406954354,-0.406954354,0.12490074810613,-0.626575964,3,0.285528654,0.221530852,-1.654437174,0.049724671,0.221530852
feb-17,22,6,22,-0.77313181,0.39761431411531,-0.247229546,-0.247229546,0.24927935160998,-0.486816757,2,0.200198252,0.178865651,-1.441230388,0.024825442,0.178865651
mar-17,21,2,21,-0.447203975,0.00000000000000,-0.32709195,-0.32709195,0.27427935160998,-0.406954354,-1,-0.055792955,0.114867849,-1.106168699,0.000243481,0.114867849
apr-17,19,3,19,-1.309400878,0.39603960396040,-0.486816757,-0.486816757,0.27318915249999,-0.367023152,-2,-0.141123358,0.072202648,-0.811342405,-0.024460076,0.072202648
mag-17,23,4,23,-0.79279519,-0.19723865877712,-0.167367143,-0.167367143,0.14910381482465,-0.307126349,4,0.370859056,0.093535249,-0.830632963,-0.098693019,0.093535249
giu-17,18,2,18,0.222506125,-0.09881422924902,-0.566679161,-0.566679161,0.02499667898356,-0.386988753,-5,-0.397114565,-0.055792955,-0.58172348,-0.073597342,-0.055792955
lug-17,14,2,14,-0.765592208,0.09891196834818,-0.886128775,-0.886128775,0.04972467107061,-0.526747959,-4,-0.311784162,-0.119790757,-0.661320538,0.074404956,-0.119790757
ago-17,10,1,10,-0.38247395,0.29644268774703,-1.20557839,-1.20557839,0.02482544201727,-0.706438367,-4,-0.311784162,-0.162455958,-0.429588806,0.123812071,-0.162455958
set-17,14,2,14,0.078301743,-0.29556650246305,-0.886128775,-0.886128775,0.00024348109578,-0.886128775,4,0.370859056,-0.162455958,-0.211814572,0.247208647,-0.162455958
ott-17,19,1,19,0.386013433,-0.19762845849803,-0.486816757,-0.486816757,-0.02446007621647,-0.866163175,5,0.456189459,0.050870048,-0.170937745,0.172560254,0.050870048
nov-17,18,2,18,-0.00207792,-0.19801980198020,-0.566679161,-0.566679161,-0.09869301879856,-0.786300771,-1,-0.055792955,0.114867849,0.019940827,0.172051153,0.114867849
dic-17,15,3,15,-0.558268751,0.39682539682540,-0.806266372,-0.806266372,-0.07359734152897,-0.686472766,-3,-0.22645376,0.13620045,-0.024007874,0.220974832,0.13620045
gen-18,24,1,24,2.207897071,0.29644268774703,-0.087504739,-0.087504739,0.07440495602355,-0.486816757,9,0.797511068,0.242863453,0.508390958,0.220325394,0.242863453
feb-18,18,3,18,0.429896794,0.00000000000000,-0.566679161,-0.566679161,0.12381207064806,-0.506782358,-6,-0.482444967,0.008204846,0.519361799,0.29313842,0.008204846
mar-18,20,2,20,-0.441449467,0.29556650246305,-0.406954354,-0.406954354,0.24720864675887,-0.466851156,2,0.200198252,0.072202648,0.409518912,0.098295337,0.072202648
apr-18,16,2,16,-0.773897873,0.09823182711199,-0.726403968,-0.726403968,0.17256025433052,-0.446885555,-4,-0.311784162,0.050870048,0.355611631,0.049371658,0.050870048
mag-18,26,3,26,-0.781601016,0.29440628066732,0.072220068,0.072220068,0.17205115256059,-0.406954354,10,0.88284147,0.072202648,-0.391762891,-0.072603473,0.072202648
giu-18,20,2,20,-0.790124944,0.19569471624266,-0.406954354,-0.406954354,0.22097483162126,-0.367023152,-6,-0.482444967,0.072202648,-0.696768325,-0.194388519,0.072202648
lug-18,13,1,13,-1.164604584,0.29296875000000,-0.965991179,-0.965991179,0.22032539350549,-0.506782358,-7,-0.567775369,-0.119790757,-0.877557104,-0.048709078,-0.119790757
ago-18,12,1,12,-0.964263542,0.38948393378772,-1.045853583,-1.045853583,0.29313842017443,-0.586644762,-1,-0.055792955,-0.055792955,-0.925148522,-0.024295016,-0.055792955
set-18,17,3,17,-0.822748492,-0.48496605237633,-0.646541564,-0.646541564,0.09829533691351,-0.76633517,5,0.456189459,-0.162455958,-0.935435391,0.097608659,-0.162455958
ott-18,19,2,19,0.091033592,0.00000000000000,-0.486816757,-0.486816757,0.04937165785285,-0.786300771,2,0.200198252,0.008204846,-0.715145757,0.170660854,0.008204846
nov-18,21,2,21,0.180103169,-0.19493177387913,-0.32709195,-0.32709195,-0.07260347311694,-0.626575964,2,0.200198252,0.200198252,-0.378968819,0.146222927,0.200198252
dic-18,19,3,19,-0.248035748,-0.09765625000001,-0.486816757,-0.486816757,-0.19438851906387,-0.486816757,-2,-0.141123358,0.178865651,-0.19991187,0.146080709,0.178865651
gen-19,22,2,22,-0.371146569,0.09775171065494,-0.247229546,-0.247229546,-0.04870907830605,-0.386988753,3,0.285528654,0.13620045,-0.087011389,0.072909977,0.13620045
feb-19,19,2,19,-0.395140738,0.09765624999999,-0.486816757,-0.486816757,-0.02429501580605,-0.386988753,-3,-0.22645376,0.029537447,-0.208554972,0.121265055,0.029537447
mar-19,15,2,15,-0.26360827,0.29268292682927,-0.806266372,-0.806266372,0.09760865937105,-0.506782358,-4,-0.311784162,-0.098458157,-0.319482831,-0.023662481,-0.098458157
apr-19,15,1,15,0.352611717,0.19455252918288,-0.806266372,-0.806266372,0.17066085416677,-0.586644762,0,0.029537447,-0.055792955,-0.169320965,-0.072229758,-0.055792955
mag-19,17,2,17,0.740774929,0.00000000000000,-0.646541564,-0.646541564,0.14622292650304,-0.686472766,2,0.200198252,-0.077125556,0.108659409,-0.120867891,-0.077125556
giu-19,17,1,17,0.348238309,0.09708737864077,-0.646541564,-0.646541564,0.14608070866323,-0.726403968,0,0.029537447,-0.013127754,0.294504171,-0.169128158,-0.013127754
lug-19,16,0,16,-0.822271528,0.00000000000000,-0.726403968,-0.726403968,0.07290997695591,-0.706438367,-1,-0.055792955,0.050870048,0.154838357,0.000118445,0.050870048
ago-19,11,1,11,-0.226380873,0.38797284190107,-1.125715986,-1.125715986,0.12126505513546,-0.786300771,-5,-0.397114565,-0.055792955,0.01009021,0.000118445,-0.055792955
set-19,15,1,15,0.112133119,-0.57971014492753,-0.806266372,-0.806266372,-0.02366248109642,-0.826231973,4,0.370859056,-0.013127754,-0.147070243,0.073075643,-0.013127754
ott-19,17,2,17,1.120631851,-0.09718172983480,-0.646541564,-0.646541564,-0.07222975821531,-0.826231973,2,0.200198252,0.029537447,0.046028142,0.048638132,0.029537447
nov-19,16,1,16,1.580104593,-0.19455252918288,-0.726403968,-0.726403968,-0.12086789051104,-0.826231973,-1,-0.055792955,0.029537447,0.646622172,-0.024224623,0.029537447
dic-19,17,1,17,0.238104751,0.19493177387915,-0.646541564,-0.646541564,-0.16912815751652,-0.706438367,1,0.114867849,0.15753305,0.762743578,0.024389875,0.15753305
gen-20,20,2,20,-0.108355665,0.09727626459145,-0.406954354,-0.406954354,0.00011844486323,-0.606610363,3,0.285528654,0.13620045,0.707621382,-0.048520056,0.13620045
feb-20,16,3,16,0.675010666,-0.09718172983480,-0.726403968,-0.726403968,0.00011844486323,-0.626575964,-4,-0.311784162,0.008204846,0.596216086,0.000212749,0.008204846
mar-20,26,4,26,1.565452083,0.09727626459145,0.072220068,0.072220068,0.07307564330681,-0.426919954,10,0.88284147,0.242863453,0.592552959,-0.121146474,0.242863453
apr-20,30,4,30,0.569672817,0.09718172983479,0.391669683,0.391669683,0.04863813229572,-0.167367143,4,0.370859056,0.306861255,0.675444975,-0.096589685,0.306861255
mag-20,33,5,33,2.489156891,-0.19417475728156,0.631256894,0.631256894,-0.02422462317253,0.092185669,3,0.285528654,0.306861255,1.324823114,-0.072389064,0.306861255
giu-20,21,3,21,2.127716332,0.09727626459145,-0.32709195,-0.32709195,0.02438987543403,0.192013674,-12,-0.994427381,0.13620045,1.687999531,-0.096589176,0.13620045
lug-20,12,1,12,-0.371264394,-0.19436345966959,-1.045853583,-1.045853583,-0.04852005563123,-0.087504739,-9,-0.738436174,-0.269118961,1.203820411,0.243879039,-0.269118961
ago-20,13,3,13,-0.509108627,0.29211295034080,-0.965991179,-0.965991179,0.00021274949528,-0.426919954,1,0.114867849,-0.333116763,0.93412505,0.219204539,-0.333116763
set-20,16,2,16,-1.995540506,-0.67961165048544,-0.726403968,-0.726403968,-0.12114647380570,-0.76633517,3,0.285528654,-0.333116763,-0.187049299,0.316128632,-0.333116763
ott-20,11,2,11,-0.367601967,0.19550342130988,-1.125715986,-1.125715986,-0.09658968462609,-0.965991179,-5,-0.397114565,-0.183788559,-0.810878874,0.267300507,-0.183788559
nov-20,16,3,16,0.607850821,-0.09756097560975,-0.726403968,-0.726403968,-0.07238906361113,-0.886128775,5,0.456189459,0.114867849,-0.56610007,0.128980273,0.114867849
dic-20,15,2,15,-1.003985508,0.19531249999999,-0.806266372,-0.806266372,-0.09658917619633,-0.846197574,-1,-0.055792955,0.072202648,-0.68981929,,0.072202648
gen-21,24,4,24,-0.003248406,0.68226120857700,-0.087504739,-0.087504739,0.24387903856928,-0.686472766,9,0.797511068,0.200198252,-0.191746265,,0.200198252
feb-21,27,3,27,-0.96000677,0.09680542110359,0.152082472,0.152082472,0.21920453851771,-0.367023152,3,0.285528654,0.370859056,-0.339847466,,0.370859056
mar-21,31,2,31,-1.135974424,0.29013539651837,0.471532087,0.471532087,0.31612863154974,-0.067539138,4,0.370859056,0.349526456,-0.775803777,,0.349526456
apr-21,25,3,25,0.707106781,0,-0.007642335,-0.007642335,0.26730050654974,0.132116871,-6,-0.482444967,0.242863453,-0.348030705,,0.242863453
mag-21,28,2,28,-0.348030705,,0.231944876,0.231944876,0.12898027254065,0.211979275,3,0.285528654,0.114867849,-0.434226279,,0.114867849
